equipo,total_partidos,total_victorias,winrate,accuracy_modelo,avg_acs,avg_kd,avg_kills
100 Thieves,5.0,4.0,80.0,80.0,204.95999999999998,1.1044753536402792,195.6
19esports,7.0,5.0,71.43,100.0,211.65714285714284,1.1943215980245083,187.14285714285714
2Game Esports,7.0,1.0,14.29,100.0,179.53333333333333,0.8063786888209101,163.16666666666666
303 Esports,5.0,3.0,60.0,100.0,203.48,1.097665228766346,153.4
717 Monster Esports,3.0,2.0,66.67,100.0,194.13333333333333,1.045263157894737,127.0
969 gang,3.0,1.0,33.33,100.0,176.9333333333333,0.8005737259355339,109.66666666666667
9z Team,10.0,8.0,80.0,80.0,213.58,1.2711707589471755,237.8
APEX PEOPLE,5.0,3.0,60.0,100.0,212.76,1.0568784402772162,155.6
ATRAVS,3.0,1.0,33.33,100.0,201.6,1.106545266327875,158.33333333333334
AUTOCRACY,3.0,2.0,66.67,100.0,212.73333333333335,1.1434871317283284,143.33333333333334
AWARIA,3.0,2.0,66.67,100.0,215.33333333333334,1.4425497181393219,176.0
AXIBYTE ESPORTS,3.0,2.0,66.67,100.0,222.8,1.2904040404040404,191.0
Able Esports,4.0,1.0,25.0,100.0,193.2,0.934180503567201,156.75
Absolute JUPITER,6.0,5.0,83.33,100.0,211.76666666666665,1.1482520435264196,167.5
Acend,6.0,5.0,83.33,83.33,212.21666666666667,1.1247687966469242,259.5
Action PH,4.0,2.0,50.0,75.0,215.13333333333333,1.0738510995900834,254.0
Aim.Attack,11.0,6.0,54.55,81.82,203.8272727272727,1.0344754328003753,208.0
Akave Esports,5.0,4.0,80.0,100.0,212.74,1.0833138401559455,224.4
Akrew,4.0,3.0,75.0,50.0,211.0666666666667,1.2424129689754688,236.66666666666666
All Gamers,3.0,0.0,0.0,100.0,174.66666666666666,0.7712459204865746,181.33333333333334
Alliance,8.0,6.0,75.0,100.0,217.25714285714284,1.1393074048574738,179.71428571428572
Alpha Esports Pro,3.0,3.0,100.0,100.0,226.4,1.2846385760461507,139.33333333333334
Alpha Six Gaming,4.0,2.0,50.0,100.0,191.0666666666667,0.8427838209489943,180.33333333333334
Alter Ego,5.0,2.0,40.0,60.0,203.93,1.2199192459542376,321.4
Anatolia Esports,4.0,2.0,50.0,100.0,207.375,0.9933287698418405,189.5
Andbox,12.0,9.0,75.0,100.0,219.74242424242422,1.2873096313360988,221.1818181818182
Anonymo Esports,3.0,2.0,66.67,100.0,214.6,1.1503492511743847,148.33333333333334
Anubis Gaming,7.0,6.0,85.71,71.43,205.2378787878788,1.1561771225050357,281.6666666666667
Aqua,3.0,0.0,0.0,100.0,170.06666666666666,0.6464781366606076,101.33333333333333
Arca do Plato,3.0,2.0,66.67,100.0,201.86666666666667,0.9660702967080054,194.33333333333334
Archons,3.0,2.0,66.67,100.0,177.8,0.8263060086723105,132.0
ArkAngel,3.0,1.0,33.33,66.67,207.23333333333335,1.0060418819107995,295.6666666666667
Aspire,7.0,6.0,85.71,100.0,221.4,1.3656052613084737,193.33333333333334
Australs,5.0,5.0,100.0,100.0,224.95,1.4932260379220832,153.25
Axsor,3.0,3.0,100.0,66.67,206.9333333333333,1.12795387381732,207.0
BASILISK,6.0,3.0,50.0,100.0,206.84,1.0527196473269758,165.8
BBL Esports,6.0,3.0,50.0,100.0,203.73333333333335,1.0433448607525375,171.66666666666666
BEAST,4.0,4.0,100.0,100.0,220.4,1.2429234057280685,185.0
BIG,4.0,1.0,25.0,75.0,198.05,1.0555297031167616,310.0
BLUE BEES.ESP,3.0,1.0,33.33,100.0,162.0,0.6621621621621622,98.0
BOOM Esports,15.0,10.0,66.67,80.0,210.28,1.1181748422303956,222.0
BOY WITH LOVE,3.0,2.0,66.67,100.0,230.8,1.5377753701697363,171.5
Bait Academy,5.0,3.0,60.0,80.0,207.6,1.0975098202937545,171.2
Beşiktaş Esports,5.0,3.0,60.0,100.0,203.85,1.0351678543237914,181.0
Bigetron Arctic,4.0,3.0,75.0,100.0,215.95,1.1940679378954917,221.75
Bilibili Gaming,3.0,2.0,66.67,100.0,204.20000000000002,1.0378087469894115,205.66666666666666
Blitz Esports,4.0,1.0,25.0,75.0,200.85,0.9798707707204439,183.0
Bomb Crypto,3.0,3.0,100.0,100.0,242.53333333333333,1.647830179080179,152.0
Border Monsters,3.0,3.0,100.0,100.0,225.0666666666667,1.5677449820453742,172.33333333333334
Brave Wolves,4.0,3.0,75.0,100.0,224.75,1.2050711047138554,192.0
Bren Esports,12.0,10.0,83.33,100.0,213.6,1.1023355463642261,222.54545454545453
Brimstone Gaming,4.0,2.0,50.0,100.0,208.75,1.149004797786571,138.0
Built By Gamers,8.0,7.0,87.5,100.0,225.37142857142857,1.5171012693096841,169.28571428571428
CBT Gaming,4.0,2.0,50.0,75.0,219.3,1.274972096019196,271.25
CERBERUS Esports,10.0,5.0,50.0,70.0,213.32857142857142,1.1204385227948321,265.14285714285717
CNJ Esports,6.0,2.0,33.33,83.33,208.08,1.0192038165503425,196.0
Catgirls,3.0,2.0,66.67,100.0,226.7,1.2720723981900453,217.0
Cloud9,11.0,9.0,81.82,100.0,218.79818181818183,1.2964486300437685,188.5
Cloud9 White,3.0,2.0,66.67,100.0,191.10000000000002,0.8949704142011834,115.0
Complexity,6.0,5.0,83.33,83.33,233.92,1.6659547122165044,149.4
Cosmic Divide,7.0,4.0,57.14,85.71,202.6,0.9932125709847405,206.2
Crazy Raccoon,4.0,4.0,100.0,100.0,235.44285714285712,1.7303088517807004,140.0
Cream Real Betis,4.0,4.0,100.0,100.0,230.95,1.4714047224065676,201.25
CrowСrowd,4.0,2.0,50.0,100.0,204.33333333333334,1.0610426274405211,223.0
DAMWON Gaming,9.0,6.0,66.67,100.0,215.5125,1.3010343441833454,216.25
DEFY Gaming,3.0,1.0,33.33,100.0,210.10000000000002,1.1935395814376706,149.5
DRX,14.0,11.0,78.57,92.86,211.84545454545457,1.2294166351317743,231.0909090909091
Dame Time,4.0,1.0,25.0,100.0,200.9333333333333,1.0586372466832845,140.33333333333334
DarkZero Esports,5.0,4.0,80.0,100.0,217.35,1.2998983878258845,147.75
Deja Vu,6.0,5.0,83.33,100.0,224.2,1.3859879976315566,154.6
Demon Time,5.0,4.0,80.0,80.0,209.6,1.1610489569034688,165.66666666666666
Desperado,8.0,2.0,25.0,100.0,189.70000000000002,0.87632742683826,135.16666666666666
DetonatioN FocusMe,4.0,2.0,50.0,100.0,214.4,1.2578413015626668,151.66666666666666
Dewa United Esports,4.0,2.0,50.0,100.0,225.53333333333333,1.2807768722641055,182.0
DfuseTeam,3.0,2.0,66.67,100.0,238.89999999999998,1.7268295618680791,155.0
DiaXmix,3.0,0.0,0.0,100.0,156.66666666666666,0.5595998232666455,81.0
Digital Athletics,6.0,6.0,100.0,100.0,225.84,1.5735885512944017,170.2
Dobeg,4.0,3.0,75.0,100.0,205.86666666666667,1.0860755785567815,147.33333333333334
E-Xolos LAZER,3.0,2.0,66.67,100.0,219.13333333333333,1.3066222981243543,160.66666666666666
ECM FCG eSports,3.0,1.0,33.33,100.0,195.1,0.9553137445514127,168.0
EDward Gaming,9.0,9.0,100.0,88.89,212.08095238095237,1.189048718134753,263.0
EGO,3.0,3.0,100.0,66.67,231.66666666666666,1.3116145218417945,183.33333333333334
EX COMMUNICADO,3.0,3.0,100.0,100.0,210.0,1.0850198229762125,215.0
EXCEL,4.0,2.0,50.0,100.0,205.66666666666666,1.0348965482659847,214.0
EZ KATKA,6.0,2.0,33.33,100.0,203.66666666666666,1.068020235722851,136.33333333333334
Edelweiss Esports,3.0,2.0,66.67,100.0,208.0,1.2169028340080972,142.0
Elysium,3.0,0.0,0.0,100.0,178.10000000000002,0.7209367419294644,144.5
Enigma Gaming,4.0,2.0,50.0,75.0,227.20000000000002,1.4768149984775327,149.66666666666666
Entropiq,3.0,2.0,66.67,100.0,220.33333333333334,1.456960968557819,166.0
Envy,6.0,5.0,83.33,100.0,217.2133333333333,1.132011233007987,362.4
Equinox Esports,3.0,1.0,33.33,100.0,213.73333333333335,1.0802874240203808,179.0
Eternal Fire,3.0,3.0,100.0,100.0,228.6,1.5986713358739313,155.5
Ethereal,8.0,5.0,62.5,87.5,205.24285714285716,1.0320124986654695,200.28571428571428
Euphoria,4.0,2.0,50.0,100.0,193.86666666666667,0.8945186904908394,149.0
Evil Geniuses,8.0,8.0,100.0,100.0,223.44,1.2629822339547216,183.6
Exceeli Esports,5.0,2.0,40.0,100.0,175.475,0.8082967091060261,127.0
F4Q,8.0,4.0,50.0,100.0,203.91428571428574,1.022511544707514,156.42857142857142
FEARUS,3.0,1.0,33.33,100.0,209.9,1.0250830564784053,318.5
FENNEL,8.0,3.0,37.5,75.0,211.33333333333334,1.2347185903943612,163.5
FIRST Gaming,4.0,1.0,25.0,75.0,181.4,0.766370808678501,123.5
FNATIC,10.0,9.0,90.0,90.0,211.55599999999998,1.2855474051513363,278.4
FOXNGAME Esports,3.0,2.0,66.67,100.0,221.26666666666665,1.0808272415980666,159.66666666666666
FULL SENSE,5.0,3.0,60.0,80.0,211.0,1.0956365243748423,195.0
FURIA,5.0,3.0,60.0,100.0,223.3,1.253293342742884,202.0
FUT Esports,12.0,6.0,50.0,91.67,203.64444444444445,0.9938831546763828,214.22222222222223
FaZe Clan,6.0,5.0,83.33,83.33,213.86666666666667,1.1696703345857935,200.33333333333334
Fancy United Esports,11.0,6.0,54.55,81.82,196.4,1.3173404505351165,192.14285714285714
Fenerbahçe Esports,10.0,8.0,80.0,100.0,215.97777777777776,1.245626918812074,176.22222222222223
Finest,8.0,6.0,75.0,87.5,211.71999999999997,1.1294482304883855,185.4
Fire Flux Esports,8.0,5.0,62.5,87.5,205.44,1.1205118797753357,170.8
Fraggerz,4.0,2.0,50.0,100.0,213.0666666666667,1.11523034058702,187.0
FunPlus Phoenix,14.0,10.0,71.43,92.86,217.92499999999998,1.3135298617841822,265.875
Funcrew,3.0,2.0,66.67,100.0,207.45,1.0640034364261168,293.5
G2 Esports,10.0,8.0,80.0,100.0,224.05714285714288,1.3841649322973204,204.28571428571428
GMT Esports,7.0,3.0,42.86,100.0,187.875,0.8216460263838041,227.75
GOMA,4.0,2.0,50.0,100.0,195.0666666666667,0.9158923198988044,152.0
Galakticos,4.0,2.0,50.0,100.0,197.13333333333333,0.9410955725012289,187.66666666666666
Galatasaray Esports,3.0,3.0,100.0,100.0,199.2,0.9876847290640394,185.5
Galaxy Carrots,3.0,1.0,33.33,100.0,195.0666666666667,0.9761212786027639,156.66666666666666
Galaxy Esports,3.0,2.0,66.67,66.67,197.4,0.871900826446281,211.0
Galaxy Racer,3.0,2.0,66.67,100.0,226.2,1.1390728476821192,172.0
Gambit Esports,9.0,9.0,100.0,100.0,216.48333333333335,1.2156591888279609,262.6666666666667
Gamelanders Blue,5.0,4.0,80.0,100.0,231.05,1.4323003468686517,158.0
Gen.G,8.0,6.0,75.0,100.0,222.8,1.507097905594677,312.25
Ghost Gaming,15.0,9.0,60.0,93.33,222.63333333333333,1.3020797436420255,170.83333333333334
Giant Submarine,4.0,1.0,25.0,100.0,179.5818181818182,0.7107278019318395,152.33333333333334
Giants Gaming,10.0,10.0,100.0,100.0,226.74285714285716,1.4578141948981915,214.14285714285714
Girl Kissers,4.0,2.0,50.0,75.0,211.95,1.3932145165442544,183.25
Global Esports,6.0,3.0,50.0,100.0,197.42222222222222,0.9918746208291204,258.3333333333333
GoNGo Prince,5.0,4.0,80.0,100.0,190.7,0.9045765611633876,142.0
God Particles,3.0,2.0,66.67,100.0,207.79999999999998,1.190908029878618,169.0
Griffin E-Sports,4.0,2.0,50.0,75.0,192.2,0.8594594594594595,159.0
Guild Esports,11.0,9.0,81.82,100.0,211.23333333333335,1.072780780034279,223.16666666666666
HEET,3.0,2.0,66.67,66.67,201.26666666666665,0.9541447095642669,164.0
HONK,4.0,4.0,100.0,100.0,230.4,1.2971904580395146,179.33333333333334
Hike Digital Esports,3.0,3.0,100.0,66.67,213.1,1.077900586986387,192.5
HolyMolly,3.0,2.0,66.67,100.0,223.7,1.3795232013622818,154.5
Hurts Like This,3.0,0.0,0.0,100.0,169.4,0.5909090909090909,91.0
IGZIST,4.0,3.0,75.0,100.0,198.2,1.1688506337786913,115.0
INFINITY,7.0,5.0,71.43,100.0,220.68,1.2570372993664662,148.0
INGAMING Esports,4.0,3.0,75.0,100.0,214.3,1.2194058070073823,151.5
Iconic,3.0,3.0,100.0,100.0,237.8,1.5208333333333333,146.0
IlluZion,4.0,2.0,50.0,100.0,180.9,0.8099477682811016,129.5
Immortals,4.0,3.0,75.0,100.0,211.36666666666667,1.0234624841443993,492.3333333333333
Imperial Esports,3.0,2.0,66.67,100.0,199.2,0.9,153.0
Incheon On Sla2ers,8.0,5.0,62.5,87.5,208.0,1.0676021107054232,194.8
Jaguares Esports,4.0,1.0,25.0,75.0,178.7,0.7515597353859162,152.0
KASTIRALIS,3.0,2.0,66.67,100.0,214.4,1.1726618705035972,163.0
KOI,3.0,2.0,66.67,100.0,199.53333333333333,1.1150703954242973,177.66666666666666
KPI Gaming,6.0,4.0,66.67,83.33,204.13333333333333,0.9917024197274101,184.0
KRÜ Esports,11.0,7.0,63.64,100.0,201.35999999999999,1.0869192782414379,195.2
Kaiser Thane,3.0,3.0,100.0,100.0,213.4,1.1157407407407407,241.0
Kaos Latin Gamers,4.0,1.0,25.0,75.0,188.4,0.8076923076923077,126.0
Keyd Stars,5.0,2.0,40.0,60.0,201.91,0.996678572825598,414.6
Knights,7.0,3.0,42.86,71.43,214.5,1.2497006229382825,156.5
Ksenox,6.0,4.0,66.67,100.0,221.86666666666667,1.4073954524439962,180.66666666666666
Kumiho Esports,3.0,0.0,0.0,100.0,164.7,0.5878564191634101,84.5
LAG Gaming,3.0,1.0,33.33,100.0,193.6,0.9452054794520548,138.0
LDN UTD,11.0,10.0,90.91,100.0,222.86666666666667,1.3633535246008839,171.55555555555554
LEVIATÁN,8.0,1.0,12.5,50.0,202.12,1.1365142002110127,153.2
LOUD,6.0,3.0,50.0,83.33,197.35,1.0750803807842644,182.5
LP33,3.0,3.0,100.0,100.0,211.3,1.0196078431372548,364.0
La7zag Esports,4.0,3.0,75.0,100.0,210.53333333333333,1.0219783979946582,209.0
Lenny Time,3.0,1.0,33.33,100.0,175.0,0.7754286740281893,154.5
Liberty,7.0,2.0,28.57,100.0,200.2,1.2682663493742288,182.0
Looking For Org,4.0,2.0,50.0,100.0,205.25,1.0065423694419386,239.25
Louvre,3.0,3.0,100.0,66.67,196.5,0.928358584392717,234.66666666666666
Luminosity,14.0,10.0,71.43,100.0,222.475,1.4105430188997148,147.875
Lusail Esports,5.0,4.0,80.0,100.0,219.0666666666667,1.1265952956525076,210.33333333333334
M3 Champions,3.0,1.0,33.33,33.33,205.28571428571428,1.0042105263157894,954.0
MIBR,3.0,1.0,33.33,66.67,188.7,0.9866730381225444,279.5
MORE Esports,3.0,2.0,66.67,66.67,229.6,1.356385118149824,185.5
MadHood,3.0,1.0,33.33,100.0,198.48333333333335,1.071122828784119,129.0
Made in Thailand,5.0,3.0,60.0,80.0,230.29999999999998,1.24642840282386,242.33333333333334
Maru Gaming,6.0,3.0,50.0,100.0,192.8,0.8820224719101124,157.0
McTeam,3.0,1.0,33.33,66.67,141.6,0.4420289855072464,61.0
Megastitut,3.0,2.0,66.67,100.0,207.4,1.1941176470588235,203.0
Meta Gaming,6.0,5.0,83.33,83.33,211.76,1.0775221577668448,186.0
Mindfreak,4.0,3.0,75.0,100.0,213.125,1.0322538112486566,557.5
Monarch Effect,3.0,2.0,66.67,66.67,218.33333333333334,1.089395196306961,267.6666666666667
Moon Raccoons,3.0,2.0,66.67,100.0,212.5,1.3387229377911756,195.0
Morph Impact,4.0,4.0,100.0,100.0,225.52222222222224,1.3606812239417707,167.33333333333334
Motion Team,3.0,2.0,66.67,100.0,227.6,1.3114754098360655,240.0
Movistar Riders,4.0,2.0,50.0,100.0,213.46666666666667,1.2080835141436457,167.0
NAOS,5.0,1.0,20.0,100.0,194.04166666666666,0.8674341798272447,481.5
NORTHEPTION,7.0,4.0,57.14,85.71,235.4,1.5,144.0
NRG Esports,13.0,10.0,76.92,92.31,216.61666666666667,1.1941458575780655,202.16666666666666
NUTURN,7.0,5.0,71.43,100.0,210.7,1.1544256198347107,537.5
Natus Vincere,5.0,1.0,20.0,80.0,242.8,1.6435643564356435,166.0
New Genesis Esports,3.0,1.0,33.33,100.0,182.0,0.8635720184027369,142.5
Nghiện Thêm Lần Nữ,3.0,1.0,33.33,100.0,154.43333333333334,0.817947971267715,126.5
Ninjas In Pyjamas,7.0,3.0,42.86,71.43,210.39999999999998,1.0274188034188034,248.0
Ninjas in Pyjamas,5.0,4.0,80.0,100.0,228.53333333333333,1.6876316377475706,171.33333333333334
No Brimstone,3.0,1.0,33.33,100.0,192.6,0.8935799401886358,134.0
No Namers,4.0,4.0,100.0,100.0,247.1,1.9828414550446123,150.0
No Pressure,4.0,3.0,75.0,100.0,212.95,1.1537492168365895,327.0
Noir,3.0,0.0,0.0,66.67,199.0,0.9186777456647399,153.0
Number One Player,3.0,0.0,0.0,100.0,139.8,0.7710843373493976,128.0
OG,5.0,3.0,60.0,80.0,244.0,2.444642010431484,145.5
ONE SHOT Esports,3.0,0.0,0.0,100.0,180.35555555555553,0.7932889665087807,156.0
ONIC G,7.0,6.0,85.71,100.0,220.20000000000002,1.2320724794699076,162.66666666666666
ORDER,3.0,1.0,33.33,100.0,218.10000000000002,1.223114477346352,181.0
Oasis Gaming,5.0,2.0,40.0,100.0,210.42222222222222,1.0209757441184308,191.66666666666666
Oblivion Force,3.0,1.0,33.33,100.0,244.2,1.8354430379746836,145.0
On The Way,6.0,4.0,66.67,100.0,213.3,1.2397527381347495,189.0
One Breath Gaming,6.0,4.0,66.67,100.0,217.76,1.2432237073219428,171.0
OpTic Gaming,6.0,6.0,100.0,100.0,210.33333333333334,1.104702099998713,404.0
Optix,7.0,3.0,42.86,85.71,221.925,1.1971569524972028,163.5
Orangutan,3.0,2.0,66.67,100.0,217.0,1.191361467435087,147.0
Orgless,4.0,1.0,25.0,75.0,206.73333333333335,1.1772369455296285,130.66666666666666
Os Selvagens,3.0,1.0,33.33,100.0,210.7,1.0519545273234943,181.5
OtherSide,3.0,2.0,66.67,100.0,197.7,0.9211860353897656,198.0
OutRage,3.0,2.0,66.67,100.0,190.45,0.8423310810810811,253.5
Ovation eSports,5.0,3.0,60.0,80.0,247.26666666666665,1.9133473095737248,174.0
Oxygen Esports,4.0,3.0,75.0,100.0,177.2,0.7252617148554337,148.0
POISON CLAN,3.0,1.0,33.33,100.0,155.0,0.5,73.0
Papara SuperMassive,5.0,1.0,20.0,80.0,183.10000000000002,0.8317235828446592,164.0
Paper Rex,16.0,11.0,68.75,93.75,221.36999999999998,1.3482017687279038,233.3
Parla Esports,3.0,2.0,66.67,100.0,220.2,1.3474172114457186,185.0
Penguins and Frogs,3.0,1.0,33.33,100.0,194.0,0.7650602409638554,127.0
Pentagon,3.0,3.0,100.0,100.0,238.10000000000002,1.7772277227722773,147.5
Physical,3.0,2.0,66.67,100.0,204.60000000000002,0.981498258826194,187.5
Piercer Esports,4.0,2.0,50.0,100.0,221.2,1.1959798994974875,238.0
Pioneers,9.0,6.0,66.67,100.0,213.3,1.209378914615913,194.5
PointAndClick,3.0,0.0,0.0,100.0,193.5,0.8956215358048074,174.5
RARE Esports,3.0,1.0,33.33,66.67,215.0,1.0600539811066128,232.5
REJECT,3.0,1.0,33.33,100.0,240.8,1.7926829268292683,147.0
Reality Rift,3.0,3.0,100.0,100.0,220.5,1.1635978835978835,361.0
Rebels Gaming,4.0,3.0,75.0,100.0,229.1,1.33256237006237,188.5
Reckoning Esports,4.0,2.0,50.0,100.0,190.5,0.8622236201393257,255.0
Regnum Carya Esports,4.0,1.0,25.0,100.0,182.2,0.7844311377245509,131.0
Renegades,5.0,3.0,60.0,100.0,195.60000000000002,0.9427973342447027,239.0
Resonate,4.0,2.0,50.0,100.0,171.4,0.7483870967741936,116.0
Reven Esports,4.0,3.0,75.0,100.0,230.0,1.4153225806451613,156.0
Rex Regum Qeon,6.0,4.0,66.67,100.0,195.2,0.9953488372093023,214.0
Rix.GG Thunder,6.0,5.0,83.33,100.0,208.89999999999998,1.2522429261559695,165.0
SCYTES,3.0,2.0,66.67,100.0,225.2,1.471698113207547,156.0
SENTHEX,3.0,1.0,33.33,100.0,201.8,1.3199814890991362,111.0
SG e-Sports,4.0,3.0,75.0,100.0,227.4,1.379594017094017,163.5
SLICK,5.0,2.0,40.0,80.0,202.73333333333335,1.1536658841940532,170.0
SMARACIS eSports,5.0,4.0,80.0,100.0,224.0,1.359432886862354,161.0
SPEAR GAMING,11.0,7.0,63.64,90.91,221.20000000000002,1.20746172591228,295.6666666666667
SV Empire,3.0,2.0,66.67,100.0,228.8,1.6777777777777778,151.0
Sangal Esports,5.0,4.0,80.0,100.0,252.0,1.697674418604651,146.0
Save's eSports,3.0,1.0,33.33,100.0,207.2,0.9785407725321889,228.0
Seekers,4.0,2.0,50.0,100.0,193.3,0.9060199878452293,221.5
Sentinels,9.0,9.0,100.0,77.78,226.46666666666667,1.4273939808481533,195.33333333333334
Sharks Esports,3.0,3.0,100.0,66.67,221.2,1.177304964539007,166.0
Sharper Esport,7.0,6.0,85.71,85.71,239.8,1.6024096385542168,133.0
Skwirel Warriers,3.0,2.0,66.67,100.0,241.8,1.5047619047619047,158.0
SoaR,5.0,4.0,80.0,80.0,228.7,1.362108314828522,174.0
Soniqs,7.0,6.0,85.71,100.0,213.7,1.141593665768194,170.0
South Built Esports,7.0,4.0,57.14,100.0,209.75454545454545,1.1295093295716219,221.5
Straight Outta Retirement,5.0,4.0,80.0,100.0,213.9333333333333,1.2676253821450418,176.66666666666666
Straight Outta The Zoo,3.0,1.0,33.33,100.0,168.2,0.6730769230769231,140.0
Surreal Esports,6.0,4.0,66.67,100.0,190.89999999999998,0.9240038441635249,151.5
Sweet and Spicy Cajun,3.0,2.0,66.67,66.67,218.2,1.1146496815286624,175.0
T1,16.0,8.0,50.0,93.75,183.7,0.805741484456344,132.0
TENSTAR,6.0,3.0,50.0,100.0,207.4,1.0932688140979345,199.5
TNL Esports,8.0,6.0,75.0,100.0,204.5,1.1080042206813385,195.5
TSM,11.0,9.0,81.82,100.0,244.10000000000002,2.2325,142.5
TUBEPLE Gaming,4.0,3.0,75.0,100.0,227.2,1.225130890052356,234.0
Tactical Five,3.0,2.0,66.67,66.67,190.6,0.9024390243902439,222.0
Team 7AM,3.0,2.0,66.67,100.0,220.6,1.0560344827586208,245.0
Team Aurora,5.0,3.0,60.0,80.0,227.9,1.5670470505617977,295.5
Team Big BAAM,5.0,2.0,40.0,100.0,234.8,2.0,132.0
Team Divinity,5.0,3.0,60.0,80.0,202.0,0.9576729631167369,213.75
Team Gravity,4.0,1.0,25.0,100.0,173.0,0.6982248520710059,118.0
Team Liquid,13.0,8.0,61.54,84.62,201.0,1.0050251256281406,200.0
Team Progress,3.0,2.0,66.67,100.0,216.0,1.0632911392405062,252.0
Team Queso,7.0,2.0,28.57,100.0,191.0,0.8765957446808511,206.0
Team SMG,6.0,4.0,66.67,100.0,220.4333333333333,1.2981648084224369,282.0
Team Secret,10.0,7.0,70.0,90.0,247.66666666666666,1.608695652173913,148.0
Team Singularity,5.0,4.0,80.0,100.0,219.10000000000002,1.2399181387333047,293.5
Team Valor,3.0,3.0,100.0,100.0,214.2,1.0876494023904382,273.0
Team Vikings,5.0,4.0,80.0,100.0,233.8,1.6344086021505377,304.0
Team Vitality,8.0,6.0,75.0,87.5,223.0,1.3898305084745763,164.0
Team hz,4.0,3.0,75.0,75.0,227.89999999999998,1.4040322580645161,155.5
Thunderbolts Gaming,8.0,5.0,62.5,75.0,211.2,1.040497448979592,233.0
Timing Monster Gaming,3.0,3.0,100.0,100.0,229.6,1.3636363636363635,165.0
Todak,6.0,3.0,50.0,100.0,172.6,0.7310344827586207,106.0
Trace Esports,3.0,0.0,0.0,100.0,188.2,0.9113924050632911,216.0
Trident Clan,3.0,2.0,66.67,100.0,195.2,0.91324200913242,200.0
Unity Esports,5.0,3.0,60.0,80.0,179.2,0.783068783068783,296.0
Unknownpros,4.0,1.0,25.0,100.0,192.2,0.8587570621468926,152.0
VIRTUOSO,7.0,5.0,71.43,85.71,249.4,1.7058823529411764,145.0
WATAHA,3.0,3.0,100.0,100.0,236.6,1.8,153.0
World Game Star,9.0,7.0,77.78,88.89,223.1,1.167402501839588,166.5
X10 Esports,8.0,5.0,62.5,87.5,173.4,0.7142857142857143,115.0
XERXIA Esports,7.0,3.0,42.86,100.0,201.4,0.9273743016759777,166.0
Zero Zone,3.0,2.0,66.67,100.0,206.93333333333334,0.9574468085106383,495.0
animel,4.0,2.0,50.0,100.0,209.8,1.168,146.0
ehehxd,3.0,2.0,66.67,66.67,209.3,0.9597271600948072,261.5
headzots,3.0,1.0,33.33,66.67,207.0,1.0328638497652582,220.0
kebabmasterz,3.0,0.0,0.0,100.0,202.4,0.9346938775510204,229.0
Cyber Skull Esports,3.0,1.0,33.33,100.0,,,
Mega Minors,5.0,4.0,80.0,60.0,,,
NXL LIGAGAME,5.0,2.0,40.0,100.0,,,
Persija Esports,4.0,0.0,0.0,75.0,,,
QLF Clan,3.0,1.0,33.33,100.0,,,
REIGNITE,3.0,3.0,100.0,100.0,,,
RYU Gaming,3.0,0.0,0.0,100.0,,,
Reformed,3.0,2.0,66.67,100.0,,,
Reject$,3.0,2.0,66.67,100.0,,,
Rise Gaming,8.0,5.0,62.5,100.0,,,
Sedated,3.0,2.0,66.67,100.0,,,
Skull Cracker,4.0,1.0,25.0,100.0,,,
Spot Up,3.0,3.0,100.0,100.0,,,
Swag Silicone,3.0,2.0,66.67,100.0,,,
TYLOO,3.0,3.0,100.0,66.67,,,
Take It Easy,3.0,3.0,100.0,100.0,,,
TauCeti,3.0,2.0,66.67,100.0,,,
Team 600,3.0,2.0,66.67,100.0,,,
Team Exploit,3.0,3.0,100.0,100.0,,,
Team Heretics,8.0,4.0,50.0,87.5,,,
Team Inv,3.0,1.0,33.33,100.0,,,
Team Majesty,4.0,4.0,100.0,100.0,,,
Team Mystic,5.0,2.0,40.0,100.0,,,
Team RA'AD,4.0,3.0,75.0,75.0,,,
Team Rocket,4.0,2.0,50.0,100.0,,,
Team Sampi,6.0,4.0,66.67,100.0,,,
Team Sync,4.0,2.0,50.0,100.0,,,
Team T5,5.0,3.0,60.0,100.0,,,
The Meaps,3.0,2.0,66.67,66.67,,,
Time In,5.0,4.0,80.0,60.0,,,
TooManyQuestions,3.0,3.0,100.0,100.0,,,
Tuwaiq Esports Club,3.0,1.0,33.33,100.0,,,
Typhoon,3.0,2.0,66.67,100.0,,,
UCAM Esports Club,3.0,2.0,66.67,100.0,,,
VICTORY,4.0,0.0,0.0,100.0,,,
Valkyrie,6.0,1.0,16.67,100.0,,,
Velocity Gaming,5.0,4.0,80.0,100.0,,,
Velox,3.0,2.0,66.67,100.0,,,
Vengeance,3.0,1.0,33.33,66.67,,,
Version1,5.0,2.0,40.0,80.0,,,
Vision Strikers,9.0,6.0,66.67,100.0,,,
Walküre,3.0,1.0,33.33,100.0,,,
Warriors Esports,4.0,3.0,75.0,100.0,,,
Wave Esports,5.0,4.0,80.0,100.0,,,
Wolves Esports,4.0,2.0,50.0,100.0,,,
XSET,7.0,4.0,57.14,100.0,,,
XcN Gaming,3.0,1.0,33.33,100.0,,,
Xtardust,3.0,1.0,33.33,100.0,,,
YAMAGAN,3.0,2.0,66.67,100.0,,,
YONK,3.0,2.0,66.67,100.0,,,
Yakuza,3.0,1.0,33.33,100.0,,,
Yang Terxakiti,3.0,0.0,0.0,100.0,,,
You Guys Get Paid?,3.0,1.0,33.33,100.0,,,
Z11,3.0,0.0,0.0,100.0,,,
ZETA DIVISION,6.0,3.0,50.0,100.0,,,
ZFGaming,6.0,5.0,83.33,83.33,,,
Zero MarksMen Black,6.0,3.0,50.0,100.0,,,
beastcoast,3.0,2.0,66.67,66.67,,,
bref,4.0,2.0,50.0,100.0,,,
eSuba,3.0,1.0,33.33,100.0,,,
ex-EXO Clan,3.0,3.0,100.0,100.0,,,
ez5,3.0,2.0,66.67,100.0,,,
feelmyhack,4.0,2.0,50.0,100.0,,,
forZe,6.0,5.0,83.33,100.0,,,
iPon Esport,8.0,6.0,75.0,100.0,,,
tyeasy,9.0,4.0,44.44,77.78,,,
v0rteX 5,3.0,0.0,0.0,100.0,,,
volvo peek,4.0,3.0,75.0,100.0,,,
İstanbul Wildcats,10.0,3.0,30.0,90.0,,,
świeca,3.0,1.0,33.33,66.67,,,
